seed,R1_n_departures,R2_share_high,R3_avg_store_count,R4_avg_wait,arrived_tons,delivered_tons,stored_tons_end,in_planes_tons,n_departures_high,n_containers_loaded,t_end,drain_time
1,3271,0.24793641088352186,17.479333768049166,5.859891817613341,524241.8990250044,524241.8990250046,0.0,0.0,811,26155,8768.381708565606,8.38170856560646
2,3276,0.24755799755799757,23.468461576067522,7.865782552724282,525072.7724895987,525072.7724895966,0.0,0.0,811,26192,8778.614480254171,18.614480254171212
3,3325,0.24601503759398496,22.28948515324458,7.349896894101435,531960.321566325,531960.321566326,0.0,0.0,818,26588,8767.320432788114,7.320432788113976
4,3311,0.2449411054062217,22.34228820007666,7.425961506768638,528786.7145675188,528786.7145675161,0.0,0.0,811,26381,8768.318121927698,8.318121927697575
5,3296,0.24150485436893204,29.275770196933575,9.798833995472698,524500.2003789889,524500.2003789919,0.0,0.0,796,26236,8781.398643857052,21.398643857051866
6,3290,0.2486322188449848,28.943071310509012,9.658289672658995,528125.1809346109,528125.1809346097,0.0,0.0,818,26360,8796.319956508953,36.3199565089526
7,3301,0.24174492578006665,18.302102670176634,6.098136670225761,525350.5699334618,525350.5699334579,0.0,0.0,798,26303,8763.981479478844,3.9814794788435393
8,3312,0.23882850241545894,17.931898941104304,5.969520842509383,524746.322107367,524746.3221073658,0.0,0.0,791,26331,8765.577690370115,5.577690370115306
9,3329,0.24151396815860618,21.127088763994042,7.00789471437839,529401.9484111243,529401.9484111285,0.0,0.0,804,26464,8778.158116956134,18.15811695613411
10,3335,0.2386806596701649,18.61140606509934,6.1922908830336585,528579.9903678324,528579.9903678293,0.0,0.0,796,26406,8785.667911679806,25.66791167980591
11,3316,0.24034981905910735,17.800591732659537,5.936216906017941,526794.7637314614,526794.763731464,0.0,0.0,797,26274,8761.96507010231,1.9650701023092552
12,3264,0.2503063725490196,15.424122410916313,5.166189745733286,524426.27627527,524426.2762752684,0.0,0.0,817,26223,8783.189739630418,23.189739630417534
13,3265,0.24716692189892803,21.274234071109568,7.123357492959066,522829.8322406911,522829.83224068896,0.0,0.0,807,26201,8773.01100707902,13.011007079019691
14,3287,0.24490416793428657,21.152281154128676,7.061727045092371,525548.4623176809,525548.4623176842,0.0,0.0,805,26330,8790.317779082206,30.31777908220647
15,3264,0.2542892156862745,21.48135162148185,7.152377196730458,527572.7303444267,527572.7303444247,0.0,0.0,830,26332,8767.436968722517,7.436968722517122
16,3263,0.250996015936255,20.62668160626515,6.889432519964524,525540.7424098968,525540.7424098956,0.0,0.0,819,26247,8766.651796117583,6.651796117583217
17,3384,0.2281323877068558,20.472598120439393,6.801500287257811,528868.7596223308,528868.7596223324,0.0,0.0,772,26413,8775.047799525943,15.047799525942537
18,3330,0.24084084084084084,19.578629482680437,6.492386734689423,528990.6461517847,528990.6461517826,0.0,0.0,802,26469,8777.273436453492,17.27343645349174
19,3245,0.2551617873651772,20.36026623903288,6.783948177126819,524680.7252823263,524680.7252823281,0.0,0.0,828,26317,8768.704794006042,8.704794006041993
20,3292,0.2396719319562576,27.89791411081553,9.366417158694603,521758.0000208651,521758.0000208629,0.0,0.0,789,26136,8774.873916639473,14.873916639473464
21,3282,0.2391834247410116,30.969120187675387,10.4498152264348,520541.4903870641,520541.49038706446,0.0,0.0,785,25978,8765.676851884085,5.6768518840854085
22,3279,0.23452272034156754,20.519326204630154,6.959106262176431,516952.65760211926,516952.65760212095,0.0,0.0,769,25913,8788.364626275457,28.36462627545734
23,3269,0.25359437136739066,24.195585389734973,8.059074328754415,528317.5176984227,528317.517698422,0.0,0.0,829,26367,8782.329892147141,22.329892147141436
24,3307,0.2382824312065316,25.040959704389834,8.35745880394403,523986.8516620043,523986.8516620071,0.0,0.0,788,26277,8769.989153120952,9.989153120952324
25,3271,0.2457963925405075,16.418393987701666,5.528363750189731,523519.0463034458,523519.0463034469,0.0,0.0,804,26106,8790.352099636531,30.35209963653142
26,3270,0.25137614678899084,19.939955827724642,6.6268123576597935,526565.6246931654,526565.62469317,0.0,0.0,822,26376,8765.756767756144,5.756767756143745
27,3288,0.24604622871046228,21.13834851666327,7.065659964456041,526484.8786085142,526484.878608513,0.0,0.0,809,26226,8766.24766034823,6.247660348230056
28,3310,0.2362537764350453,16.97733405837208,5.697742454610506,522655.9072044032,522655.90720440226,0.0,0.0,782,26197,8791.943338702491,31.94333870249102
29,3301,0.24113904877309905,19.573254671095793,6.549225292357028,525390.7028372629,525390.7028372642,0.0,0.0,796,26214,8771.223524076111,11.223524076111062
30,3297,0.23445556566575676,15.403020317533391,5.189608364701202,519961.89848614327,519961.8984861406,0.0,0.0,773,26057,8779.162941510329,19.162941510328892
31,3300,0.23727272727272727,23.932039311635435,8.044913019288607,522892.5397518363,522892.5397518376,0.0,0.0,783,26083,8767.972655806352,7.9726558063521225
32,3301,0.2347773401999394,19.30592581827349,6.4982697521321535,520078.05179022386,520078.0517902227,0.0,0.0,775,26056,8770.30805232313,10.308052323129232
33,3298,0.24590661006670708,21.689012898836115,7.2274230741902725,527224.1434141638,527224.1434141623,0.0,0.0,811,26303,8764.940571851901,4.940571851901041
34,3303,0.24613987284287012,22.73390016087872,7.5617676444784045,528432.9854880684,528432.9854880687,0.0,0.0,813,26386,8776.53194811488,16.531948114879924
35,3300,0.24787878787878787,19.13148937954876,6.335319703237579,529320.7548591481,529320.7548591491,0.0,0.0,818,26464,8763.452614708689,3.452614708688998
36,3306,0.24168179068360557,22.252143753403516,7.422348234126131,526857.0653638667,526857.0653638662,0.0,0.0,799,26354,8790.549240103699,30.54924010369905
37,3290,0.24407294832826748,26.598983356054955,8.888360982921798,525947.2265158006,525947.2265158009,0.0,0.0,803,26242,8769.070824683919,9.070824683918545
38,3281,0.2541907954891801,20.94593170253008,6.927547305005463,529666.5798907198,529666.579890715,0.0,0.0,834,26514,8769.10093346329,9.100933463290858
39,3298,0.24408732565191024,18.984626239466685,6.3031677366030605,526161.2586116138,526161.2586116147,0.0,0.0,805,26396,8763.849942407343,3.8499424073434056
40,3290,0.24893617021276596,20.290813701828213,6.740785560270562,527882.6338462995,527882.6338462963,0.0,0.0,819,26384,8764.9952749876,4.9952749875992595
41,3309,0.2357207615593835,18.059517727338662,6.0564521484064695,522395.370117028,522395.370117027,0.0,0.0,780,26163,8774.041475032753,14.041475032752714
42,3270,0.25168195718654435,25.925094264322137,8.664867716611843,527303.1793116418,527303.1793116416,0.0,0.0,823,26314,8794.850532470611,34.85053247061114
43,3273,0.25022914757103576,27.842292081850584,9.31569248037886,525879.3717894083,525879.3717894055,0.0,0.0,819,26250,8782.930905654539,22.930905654538947
44,3319,0.24133775233504068,24.618895104091667,8.217191933337459,528136.1994457239,528136.1994457204,0.0,0.0,801,26275,8769.959705159898,9.959705159897567
45,3321,0.2451068955133996,20.986272238193898,6.966742865342133,530200.7709468836,530200.7709468815,0.0,0.0,814,26511,8800.768331164141,40.76833116414127
46,3279,0.249161329673681,18.60923404138482,6.194773740913467,526535.1186109737,526535.1186109729,0.0,0.0,817,26344,8769.577461796523,9.577461796523494
47,3282,0.24344911639244363,24.8862064538059,8.365790061212477,522924.8502498728,522924.8502498734,0.0,0.0,799,26092,8771.13169828966,11.131698289660562
48,3296,0.24393203883495146,23.456725846875358,7.84806471972228,525083.3160861458,525083.3160861473,0.0,0.0,804,26224,8773.92908769544,13.929087695440103
49,3324,0.24067388688327315,20.16780150729558,6.702071919220415,527485.610984512,527485.6109845068,0.0,0.0,800,26452,8790.408133632553,30.408133632552563
50,3290,0.23860182370820668,21.32290200274269,7.199996775583057,521595.71426997875,521595.714269982,0.0,0.0,785,25997,8778.275872147125,18.275872147125483
51,3277,0.24473603906011596,23.211604668592884,7.792118714685825,523730.4506037405,523730.4506037383,0.0,0.0,802,26159,8781.55717227388,21.557172273880497
52,3351,0.23187108325872874,18.925973120519426,6.314345193069377,527225.2276032012,527225.2276031998,0.0,0.0,777,26311,8778.240110397588,18.24011039758807
53,3264,0.24724264705882354,18.377721111155484,6.1779080422629455,523151.30949501647,523151.3094950176,0.0,0.0,807,26097,8772.843227067504,12.843227067503904
54,3304,0.24364406779661016,26.03783483888428,8.675919357551681,526988.1091169362,526988.1091169354,0.0,0.0,805,26328,8772.603646156602,12.603646156601826
55,3362,0.23944080904223677,18.81561493079763,6.211293640409977,533181.5192989714,533181.51929897,0.0,0.0,805,26624,8788.949098421288,28.949098421288
56,3288,0.24939172749391728,17.838817916661508,5.936477316443086,528980.0827133675,528980.0827133693,0.0,0.0,820,26386,8780.844740018696,20.84474001869603
57,3280,0.2521341463414634,26.039609730394588,8.664117730802992,528751.4298273479,528751.4298273468,0.0,0.0,827,26398,8783.364352453144,23.36435245314351
58,3277,0.24473603906011596,21.24032658946233,7.136243812635339,523881.172011494,523881.1720114938,0.0,0.0,802,26151,8786.113111688719,26.113111688719073
59,3285,0.24596651445966514,26.88842600364969,8.97859173557469,525170.8275537902,525170.827553784,0.0,0.0,808,26261,8769.081445523125,9.081445523124785
60,3280,0.24298780487804877,20.950139149965622,7.051262645848751,522343.9413282772,522343.94132827607,0.0,0.0,797,26125,8792.983917870532,32.98391787053151
61,3329,0.24301592069690597,20.045430682298647,6.638452839771725,530262.6384307964,530262.6384307961,0.0,0.0,809,26514,8780.6513805232,20.651380523200714
62,3292,0.24270959902794653,23.1536514049703,7.761510261521444,524976.4074936933,524976.4074936917,0.0,0.0,799,26159,8768.955849769594,8.955849769594352
63,3352,0.23776849642004774,20.293916761392907,6.721812029372516,530398.5040756994,530398.5040757008,0.0,0.0,797,26515,8782.377894535995,22.377894535995438
64,3286,0.24954351795496044,21.496217654683125,7.151353617514167,528490.3163682084,528490.3163682102,0.0,0.0,820,26389,8779.082610910895,19.0826109108948
65,3253,0.24592683676606208,19.881971731557602,6.708057690971071,519799.9912310894,519799.9912310931,0.0,0.0,800,26038,8785.064606055552,25.06460605555185
66,3290,0.24316109422492402,16.79493601019207,5.634187280102713,524218.21855378494,524218.2185537824,0.0,0.0,800,26174,8780.576346341326,20.576346341325916
67,3327,0.23324316200781484,21.321665900218427,7.16395173077454,523861.6999106744,523861.69991067494,0.0,0.0,776,26097,8768.435317997664,8.435317997664242
68,3288,0.23753041362530414,17.919702075949782,6.043139125736683,520283.1692540378,520283.16925404046,0.0,0.0,781,26062,8789.001693634602,29.001693634601907
69,3276,0.25427350427350426,21.315973207107877,7.064654959380996,529492.8366218735,529492.8366218763,0.0,0.0,833,26443,8763.881868110944,3.881868110944197
70,3307,0.24342304203205323,32.79297192639821,10.885609353081332,527142.8091012023,527142.8091012005,0.0,0.0,805,26409,8766.45331355611,6.4533135561105155
71,3307,0.23465376474145752,16.019315382244972,5.382001477760787,521375.5855219134,521375.5855219135,0.0,0.0,776,26108,8771.491866444972,11.491866444972402
72,3264,0.2542892156862745,20.58810443157525,6.856540424403553,527391.2684178784,527391.2684178766,0.0,0.0,830,26361,8779.11139067756,19.11139067756085
73,3281,0.24504724169460532,16.20080981373304,5.416831247564443,525021.8340637836,525021.8340637853,0.0,0.0,804,26235,8771.818780280251,11.818780280251303
74,3285,0.2420091324200913,20.778837479224737,6.99403910332711,522997.5435136051,522997.54351360834,0.0,0.0,795,26130,8795.210124371026,35.21012437102581
75,3298,0.24620982413583992,20.16846887064667,6.725566016698204,527067.8536411943,527067.8536411986,0.0,0.0,812,26369,8793.25304423218,33.2530442321804
76,3307,0.23979437556697913,19.092361580433433,6.3910492915380095,524118.3692799009,524118.36927990086,0.0,0.0,793,26223,8777.98615252276,17.986152522760676
77,3301,0.2438654953044532,28.73092255352876,9.564024015276958,526942.6038692389,526942.6038692395,0.0,0.0,805,26389,8784.438761718357,24.438761718356545
78,3262,0.2437155119558553,18.1943724283606,6.124569805540253,520953.6932200913,520953.6932200858,0.0,0.0,795,26027,8761.180357082507,1.1803570825068164
79,3326,0.23932651834034877,33.10418729174096,11.031911988608215,527284.530910373,527284.5309103732,0.0,0.0,796,26332,8775.092526029382,15.092526029382498
80,3277,0.24778761061946902,20.827539739361313,6.93477336217679,525588.5833129532,525588.5833129517,0.0,0.0,812,26328,8766.216046840178,6.216046840178024
81,3270,0.245565749235474,20.23026501952903,6.793345953692521,522922.67727749096,522922.67727748904,0.0,0.0,803,26139,8777.505866193673,17.505866193672773
82,3332,0.23679471788715487,26.911883098037475,8.951138439628274,527480.4078068559,527480.4078068546,0.0,0.0,789,26405,8782.544485548133,22.544485548132798
83,3280,0.24695121951219512,21.001408644598694,7.010735928667098,525516.141177751,525516.1411777511,0.0,0.0,810,26316,8784.86437843063,24.864378430629586
84,3272,0.24724938875305624,21.71723405120772,7.3117083670049094,524104.48541149707,524104.48541149835,0.0,0.0,809,26099,8786.951239761993,26.951239761992838
85,3240,0.25308641975308643,23.892996295736037,8.035995337468519,522670.8620789609,522670.8620789581,0.0,0.0,820,26114,8782.991452608372,22.99145260837213
86,3238,0.25633106856084004,23.804456891913564,7.9713003235413025,524924.6568440831,524924.656844088,0.0,0.0,830,26183,8767.793246406096,7.793246406095932
87,3335,0.23388305847076463,17.734084748409696,5.922036514295795,525701.6389469365,525701.6389469353,0.0,0.0,780,26295,8780.828125757671,20.828125757670932
88,3272,0.24755501222493886,23.351500891046932,7.826745653257549,524121.30834707053,524121.3083470698,0.0,0.0,810,26223,8789.188850129292,29.188850129292405
89,3259,0.24271248849340288,18.39915896832248,6.222362646399032,518292.02578550315,518292.02578550164,0.0,0.0,791,25952,8776.63787118587,16.63787118587061
90,3287,0.23881959233343475,23.63634274059272,7.962925602292406,521498.1815719702,521498.18157196965,0.0,0.0,785,26041,8773.03853159886,13.038531598860573
91,3294,0.2392228293867638,22.121518849655338,7.41694808145889,522443.4780860247,522443.4780860236,0.0,0.0,788,26181,8778.019223743304,18.019223743303883
92,3291,0.24004861744150713,24.605503520853965,8.258448248083182,522802.32903763675,522802.32903763786,0.0,0.0,790,26240,8807.04115020614,47.04115020613972
93,3317,0.24540247211335545,20.00313485278819,6.609540698523357,529852.1668270114,529852.1668270137,0.0,0.0,814,26530,8766.18170213368,6.1817021336792095
94,3288,0.24330900243309003,20.30027153785617,6.805365075977407,523709.6876178681,523709.68761787034,0.0,0.0,800,26200,8783.161577819836,23.161577819835657
95,3295,0.24066767830045524,20.891850957285367,7.0147558108882695,523538.57902669004,523538.57902668614,0.0,0.0,793,26207,8799.39771309937,39.39771309936987
96,3307,0.24493498639250075,19.109088316511407,6.356373358027211,528318.924800702,528318.9248007024,0.0,0.0,810,26366,8770.284441719585,10.28444171958472
97,3311,0.2503775294472969,22.219880840156723,7.334001225087593,532413.9018733257,532413.901873325,0.0,0.0,829,26578,8772.46309116588,12.463091165880542
98,3308,0.2430471584038694,21.74101791097483,7.2446971245354685,526962.7730654707,526962.7730654684,0.0,0.0,804,26343,8778.202434362569,18.202434362568965
99,3281,0.25053337397135017,21.252140357824373,7.070952863176418,527237.3613058899,527237.3613058899,0.0,0.0,822,26378,8776.414586223065,16.41458622306527
100,3342,0.23608617594254938,22.604893592055607,7.521163066099213,527515.2843256939,527515.2843256952,0.0,0.0,789,26381,8777.559692494875,17.55969249487498
