param,value,R1_n_departures_mean,R1_n_departures_ci,R2_share_high_mean,R2_share_high_ci,R3_avg_store_count_mean,R3_avg_store_count_ci,R4_avg_wait_mean,R4_avg_wait_ci
arrival_rate,1.5,2130.95,10.411377907410769,0.06427984866211417,0.0025647101330146093,4.584781160918738,0.051040527729718906,3.059063089904138,0.0325119262112259
arrival_rate,2.0,2575.4,14.375778836567244,0.12720374350831132,0.003502935541657625,6.246982497311856,0.10887543418591121,3.1270353617286135,0.052560688252559364
arrival_rate,2.5,2949.7,9.788853651098863,0.1904357520125824,0.0026057784251663557,9.68302317605621,0.3572804661130306,3.874414969450535,0.13976319004611865
arrival_rate,3.0,3297.8,15.592294405115284,0.2444587570806471,0.0029367634713317703,21.29197885973921,1.7538800025024965,7.100002640687644,0.5893659193671975
arrival_rate,3.25,3468,18.03916720784614,0.2660181464872587,0.003558273598987425,44.1487159225311,5.044750879033047,13.6253212816946,1.5572673587863572
arrival_rate,3.5,3648.95,14.189845644143041,0.2872515184422644,0.0025249974927905733,293.68560480137774,79.1304820579445,85.50993972739185,23.167250619727486
arrival_rate,3.75,3903.6,18.58127569978926,0.2896064711353676,0.002490558027534301,1217.7021849083767,142.9152371548207,350.2948520160803,43.107098163476884
arrival_rate,4.0,4147.6,17.754820066081976,0.2908530033853606,0.002331835974623939,2228.1396334427623,96.8581628435475,639.6158748990492,29.38750733084314
flight_time_mean,3.0,4152.7,11.052411764073556,0.08017350986221307,0.0016952243665371211,5.493326674990348,0.044806614646090585,1.8304243834516305,0.013739589791421437
flight_time_mean,4.0,3794.75,12.470252534452792,0.14004530358781764,0.00269736003388127,7.194236835349144,0.13270950434575063,2.397035693458781,0.041788786890949725
flight_time_mean,5.0,3508.95,16.11529248177104,0.19420076985044937,0.002538711838860268,10.694538934540308,0.3708494160260996,3.571647070646271,0.12478088367147704
flight_time_mean,6.0,3297.8,15.592294405115284,0.2444587570806471,0.0029367634713317703,21.29197885973921,1.7538800025024965,7.100002640687644,0.5893659193671975
flight_time_mean,7.0,3139.35,16.410596774144217,0.28508148728337895,0.0035052087046380347,122.40899456519202,38.460413624626156,41.153343217306215,13.091192763604555
flight_time_mean,8.0,3095.4,9.898328044621845,0.29635391255002375,0.0018468123173446946,1074.157962861432,106.94855715613535,390.62238121856643,41.03456027980169
n_normal,1,2620.55,16.475360955533915,0.4498542798299163,0.004268031969135734,1438.5995067352915,110.5983362737069,537.5029844248578,44.04378266307813
n_normal,2,3297.8,15.592294405115284,0.2444587570806471,0.0029367634713317703,21.29197885973921,1.7538800025024965,7.100002640687644,0.5893659193671975
n_normal,3,3925.4,13.5527999408551,0.11627014806725798,0.0024090122104874936,7.628900459953225,0.24660112567499717,2.5458953970963645,0.08207270046235529
n_normal,4,4384.05,12.801691528214253,0.048569582758122606,0.0017253476258246231,4.584375795082639,0.07401624920060863,1.5265929919082988,0.023236613807807706
